Veiculo;Descricao_Item
veiculo de passeio;varal de fotos memory board gratidã£o mural fotografia recado
veiculo de passeio;bebãª conforto multikids baby koala plus cinza
veiculo de passeio;suporte para trilho 6un prateleira 20cm cremalheira cores
veiculo de passeio;lustre pendente em acrã­lico soquete e27
veiculo de passeio;boneco jp joã£o pedro youtuber - rosita
veiculo de passeio;kit 20 placas auto adesiva 3d revestimento paredes e tetos
veiculo de passeio;vestido para bebe menina algodã£o mã©dio curta mundo nina kids
veiculo de passeio;peseira xale cama king + 2 capas de almofadas
veiculo de passeio;2 molas traseiras reforã§adas gnv gol g5 g6 2019 2020 2021
veiculo de passeio;2 suporte bobina fundo estrela bancada completo base ventosa
vuc;manequim  feminino branca cabeã§a de ovo completa + base
vuc;cadeira de escritã³rio presidente em couro pu luxo
vuc;mã¡quina de cortar grama roã§adeira gasolina 52cc 2hp 2t ro5
vuc;mala de viagem com 5 peã§a em abs rodinhas 360â° giratã³ria
vuc;expositor hortifruti suporte sacola com 12 caixas p/ frutas
vuc;kit 4 tapete tatame preto eva 100x100x2cm 20mm 1x1
vuc;conjunto 2 cadeiras jantar jade estofada freijã³ veludo kraft
vuc;spoiler saia parachoque dianteiro polo 2007 2008 a 2010 2011
vuc;kit festa jogo mesas cilindro e painel desmontavã©l 90x150
vuc;ventilador de parede mondial nvp-pro-55 preto com 5 pã¡s, 55â cm de diã¢metro 127â v
utilitarios;mochila radite em couro legã­timo 1604* galvani
utilitarios;cafã© torrado e moã­do papua nova guinã© 3 coraã§ãµes 250g
utilitarios;motor partida gol saveiro fox g5 g6 tsc10r7 d7es6 11 dentes
utilitarios;refresco em pã³ fit zero aã§ãºcar sabor laranja ajinomoto 8g
utilitarios;vt-40-b - ventilador 40cm turbo 127v - mondial
utilitarios;2 pacotes de jumbã£o premium ser mulher - 522 gramas
utilitarios;botina couro bota texana bordada feminina bege tribal 2019.
utilitarios;jardineira feminina plus size preta macacã£o com lycra
utilitarios;tira de couro sintã©tico 3cm x 2.5mm  -  5 metros
